id,conversation_id,created_at,date,time,timezone,user_id,username,name,place,tweet,language,mentions,urls,photos,replies_count,retweets_count,likes_count,hashtags,cashtags,link,retweet,quote_url,video,thumbnail,near,geo,source,user_rt_id,user_rt,retweet_id,reply_to,retweet_date,translate,trans_src,trans_dest
1381100503455653893,1380962535701151747,2021-04-11 07:23:14 Jordan Daylight Time,2021-04-11,07:23:14,+0300,501573337,mohammadburjak,Mohamad Burjak,,@AlMamlakaTV Ù…Ø³Ø¤ÙˆÙ„ Ù…Ù„Ù ÙƒÙˆØ±ÙˆÙ†Ø§ ÙƒØ§Ù† Ù‚Ø¯ ØµØ±Ø­ Ø¨Ø£Ù†Ù‡ Ø³ÙŠØ±Ø¯ Ø¨Ù…Ø¹Ø¯Ù„ Ù£Ù¥ Ø§Ù„Ù Ù„Ù‚Ø§Ø­ Ø§Ø³Ø¨ÙˆØ¹ÙŠØ§ ÙÙƒÙŠÙ Ø³ØªÙƒÙˆÙ† ÙˆØ²Ø§Ø±Ø© Ø§Ù„ØµØ­Ø© Ù‚Ø§Ø¯Ø±Ø© Ø¹Ù„Ù‰ Ø§Ø¹Ø·Ø§Ø¡ Ù¦Ù  Ø§Ù„Ù Ù…Ø·Ø¹ÙˆÙ… ÙÙŠ Ø§Ù„ÙŠÙˆÙ…ØŸ!  #Ø§Ù„ÙƒÙ„Ù…Ø©_Ø£Ù…Ø§Ù†Ø©  https://t.co/sH8fgRGHCu  https://t.co/1G3FUNImUZ,ar,[],['https://twitter.com/MohammadBurjak/status/1381099869058830337/photo/1'],['https://pbs.twimg.com/media/Eyqnlq5XMAAGgPf.jpg'],0,0,0,['Ø§Ù„ÙƒÙ„Ù…Ø©_Ø£Ù…Ø§Ù†Ø©'],[],https://twitter.com/MohammadBurjak/status/1381100503455653893,False,,1,https://pbs.twimg.com/media/Eyqnlq5XMAAGgPf.jpg,Amman,,,,,,"[{'screen_name': 'AlMamlakaTV', 'name': 'Ù‚Ù†Ø§Ø© Ø§Ù„Ù…Ù…Ù„ÙƒØ©', 'id': '816213211150188544'}]",,,,
1380932892394717187,1380932892394717187,2021-04-10 20:17:12 Jordan Daylight Time,2021-04-10,20:17:12,+0300,84311137,alrai,Ø§Ù„Ø±Ø£ÙŠ - Ø£Ø®Ø¨Ø§Ø± Ø§Ù„Ø£Ø±Ø¯Ù†,,Ø¹Ø§Ø¬Ù„.. Ù…Ù„ÙŠÙˆÙ† Ùˆ115 Ø§Ù„Ù Ù…ÙˆØ§Ø·Ù† Ø³Ø¬Ù„ÙˆØ§ Ù„ØªÙ„Ù‚ÙŠ Ù…Ø·Ø¹ÙˆÙ… ÙƒÙˆØ±ÙˆÙ†Ø§.. ÙˆØ­ÙˆØ§Ù„ÙŠ 431 Ø§Ù„ÙØ§ ØªÙ„Ù‚ÙˆØ§ Ø§Ù„Ø¬Ø±Ø¹Ø© Ø§Ù„Ø§ÙˆÙ„Ù‰ Ù…Ù† Ø§Ù„Ù…Ø·Ø¹ÙˆÙ…  #ØµØ­ÙŠÙØ©_Ø§Ù„Ø±Ø§ÙŠ #Ø§Ù„Ø£Ø±Ø¯Ù† #ÙƒÙˆØ±ÙˆÙ†Ø§  https://t.co/gGA37vBaKB,ar,[],[],['https://pbs.twimg.com/media/EyoPJOfXMAYorIG.jpg'],0,0,12,"['ØµØ­ÙŠÙØ©_Ø§Ù„Ø±Ø§ÙŠ', 'Ø§Ù„Ø£Ø±Ø¯Ù†', 'ÙƒÙˆØ±ÙˆÙ†Ø§']",[],https://twitter.com/alrai/status/1380932892394717187,False,,1,https://pbs.twimg.com/media/EyoPJOfXMAYorIG.jpg,Amman,,,,,,[],,,,
1380929181035417601,1380929181035417601,2021-04-10 20:02:27 Jordan Daylight Time,2021-04-10,20:02:27,+0300,439149443,basharhawamdeh,Bashar Hawamdeh,,Ù„Ù„Ø°ÙŠÙ† ÙŠØ±ÙØ¶ÙˆÙ† Ø£Ø®Ø¯ Ù…Ø·Ø¹ÙˆÙ… ÙƒÙˆØ±ÙˆÙ†Ø§..  https://t.co/zn8vopZr3Q,ar,[],[],[],6,0,18,[],[],https://twitter.com/BasharHawamdeh/status/1380929181035417601,False,,1,https://pbs.twimg.com/ext_tw_video_thumb/1380916500450664453/pu/img/81VLqiZZH2Mwp1nY.jpg,Amman,,,,,,[],,,,
1380826426329477122,1380826426329477122,2021-04-10 13:14:09 Jordan Daylight Time,2021-04-10,13:14:09,+0300,1375766544127565827,farahetheeb,Farah,,ÙƒÙ†Øª Ø¨Ø­ÙƒÙŠ Ù…Ø¹ Ø¯Ø§Ø¦Ø±Ø© Ø§Ù„Ø£Ø²Ù…Ø§Øª Ø¹Ø´Ø§Ù† Ø§Ù„Ù…Ø·Ø¹ÙˆÙ… Ø³Ø£Ù„Ù†ÙŠ ÙƒÙ… Ø¹Ù…Ø±Ùƒ Ø­ÙƒØªÙ„Ù‡ Ù¡Ù¨ Ø¨Ø¹Ø¯ÙŠÙ† Ù‚Ù„ØªÙ„Ù‡ ÙˆÙƒ Ø¹Ù…Ø±ÙŠ Ù¢Ù  Ø§ØªØ®Ø±Ø¨Ø·Øª Ø§Ù„Ù„Ù‡ ÙŠØ§Ø®Ø¯Ù†ÙŠ Ùˆ Ù‚Ù„Ø¨Øª Ù…Ù† Ù…ÙƒØ§Ù„Ù…Ø© Ù…Ø·Ø¹ÙˆÙ… Ù„Ù…ÙƒØ§Ù„Ù…Ø© Ø¶Ø­Ùƒ ğŸ˜‚ğŸ˜‚ğŸ˜‚,ar,[],[],[],1,0,4,[],[],https://twitter.com/farahetheeb/status/1380826426329477122,False,,0,,Amman,,,,,,[],,,,
1380817353781489664,1380817353781489664,2021-04-10 12:38:06 Jordan Daylight Time,2021-04-10,12:38:06,+0300,381365964,jordanengineers,Ù†Ù‚Ø§Ø¨Ø© Ø§Ù„Ù…Ù‡Ù†Ø¯Ø³ÙŠÙ†,,Ù„Ù…Ø§Ø°Ø§ ÙŠØ¬Ø¨ Ø£Ù† Ø£Ø³ØªÙ…Ø± ÙÙŠ Ø§Ø±ØªØ¯Ø§Ø¡ Ø§Ù„ÙƒÙ…Ø§Ù…Ø© Ø­ØªÙ‰ Ø¨Ø¹Ø¯ Ø§Ø³ØªÙƒÙ…Ø§Ù„ Ø¬Ø±Ø¹Ø§Øª Ù…Ø·Ø¹ÙˆÙ… ÙÙŠØ±ÙˆØ³ ÙƒÙˆØ±ÙˆÙ†Ø§ Ø§Ù„Ù…Ù‚Ø±Ø±Ø©ØŸ  #Ù…Ø·Ø¹ÙˆÙ…_ÙÙŠØ±ÙˆØ³_ÙƒÙˆØ±ÙˆÙ†Ø§ #Ø§Ù„Ù…Ø·Ø¹ÙˆÙ…_ÙˆÙ‚Ø§ÙŠØ© #Ø¥Ù„Ùƒ_ÙˆÙÙŠØ¯ #ØµØ­ØªÙƒ_Ø¨ØªÙ‡Ù…Ù†Ø§ #ÙÙŠØ±ÙˆØ³_ÙƒÙˆØ±ÙˆÙ†Ø§ #Ø§Ù„Ø£Ø±Ø¯Ù† #ÙƒÙˆØ±ÙˆÙ†Ø§_Ø§Ù„Ø£Ø±Ø¯Ù† #ÙƒÙˆÙÙŠØ¯_19Ø§Ù„Ø£Ø±Ø¯Ù†  https://t.co/c9dx9ogivm,ar,[],[],['https://pbs.twimg.com/media/EymmDd9WUAAFqFD.jpg'],0,0,1,"['Ù…Ø·Ø¹ÙˆÙ…_ÙÙŠØ±ÙˆØ³_ÙƒÙˆØ±ÙˆÙ†Ø§', 'Ø§Ù„Ù…Ø·Ø¹ÙˆÙ…_ÙˆÙ‚Ø§ÙŠØ©', 'Ø¥Ù„Ùƒ_ÙˆÙÙŠØ¯', 'ØµØ­ØªÙƒ_Ø¨ØªÙ‡Ù…Ù†Ø§', 'ÙÙŠØ±ÙˆØ³_ÙƒÙˆØ±ÙˆÙ†Ø§', 'Ø§Ù„Ø£Ø±Ø¯Ù†', 'ÙƒÙˆØ±ÙˆÙ†Ø§_Ø§Ù„Ø£Ø±Ø¯Ù†', 'ÙƒÙˆÙÙŠØ¯_19Ø§Ù„Ø£Ø±Ø¯Ù†']",[],https://twitter.com/JordanEngineers/status/1380817353781489664,False,,1,https://pbs.twimg.com/media/EymmDd9WUAAFqFD.jpg,Amman,,,,,,[],,,,
1380762992485208064,1380762992485208064,2021-04-10 09:02:05 Jordan Daylight Time,2021-04-10,09:02:05,+0300,264308291,megf_saud,"Saud Al Nabulsi, Abu Amer",,Ù…Ø·Ø¹ÙˆÙ… Ø§Ù„ÙƒÙˆØ±ÙˆÙ†Ø§ Ù„Ø§ ÙŠØ¨Ø·Ù„ Ø§Ù„ØµÙŠØ§Ù…... ØªÙ‚Ø¨Ù„ Ø§Ù„Ù„Ù‡ Ø·Ø§Ø¹Ø§ØªÙƒÙ…  https://t.co/0mRXoZED5c,ar,[],[],['https://pbs.twimg.com/media/Eyl0QexXEAAeIMN.jpg'],0,0,0,[],[],https://twitter.com/MEGF_Saud/status/1380762992485208064,False,,1,https://pbs.twimg.com/media/Eyl0QexXEAAeIMN.jpg,Amman,,,,,,[],,,,
1380653773274689544,1380653773274689544,2021-04-10 01:48:05 Jordan Daylight Time,2021-04-10,01:48:05,+0300,2319616041,maramfaqeih,Maram Faqeih,,Ù‚Ø·Ø¹Øª Ø§Ù„Ø¬Ø¨Ø§Ù„ ÙˆØ§Ù„ÙˆØ¯ÙŠØ§Ù† Ù…Ù†Ø´Ø§Ù† Ø§Ø®Ø¯ Ù…Ø·Ø¹ÙˆÙ… Ø§Ù„ÙƒÙˆØ±ÙˆÙ†Ø§ .... Ø§Ù„Ø­Ù…Ø¯ Ù„Ù„Ù‡ Ù„Ù‚ÙŠØª Ù‚ØµØ© Ø§Ø­ÙƒÙŠÙ‡Ø§ Ù„Ø§Ø­ÙØ§Ø¯ÙŠ ğŸ˜‚  #COVID19  #vaccine,ar,[],[],[],1,0,3,"['covid19', 'vaccine']",[],https://twitter.com/MaramFaqeih/status/1380653773274689544,False,,0,,Amman,,,,,,[],,,,
1380551043772248066,1380551043772248066,2021-04-09 18:59:52 Jordan Daylight Time,2021-04-09,18:59:52,+0300,351899737,moealmomani95,Mohammad Almomani,,ØªØ­Ø°ÙŠØ± Ø¨Ø®ØµÙˆØµ Ø§Ù„Ù…Ø·Ø¹ÙˆÙ…: Ø§Ùˆ Ø¹Ù†Ø¯Ù‡ ØªØ¬Ù„Ø·Ø§Øª Ø³Ø§Ø¨Ù‚Ø© Ù…Ø«Ù„ ØªØ¬Ù„Ø·Ø§Øª Ø¨Ø§ÙˆØ±Ø¯Ø© Ø§Ù„Ù‚Ø¯Ù… Ø§Ùˆ Ø§Ù„Ø±Ø¦Ø© Ø§Ùˆ Ø¹Ù†Ø¯Ù‡ Ø§ÙŠ Ø¹ÙˆØ§Ù…Ù„ ØªØ¬Ù„Ø·Ø§Øª Ù…Ø«Ù„ Ø§Ø¯ÙˆÙŠØ© Ù…Ù†Ø¹ Ø§Ù„Ø­Ù…Ù„ Ø§Ùˆ Ø§Ù„Ù…ØªÙ„Ø§Ø²Ù…Ø§Øª Ø§Ù„Ù„ÙŠ Ø¨ØªØ±ÙØ¹ Ù…Ù† Ø§Ù„ØªØ¬Ù„Ø·Ø§Øª Ù…Ø«Ù„ Ø§Ù„Ø­Ù…Ù‰ Ø§Ù„Ø°Ø¦Ø§Ø¨ÙŠØ© Ø§ÙŠ Ø­Ø¯Ø§ Ø¹Ù†Ø¯Ù‡ Ø­Ø³Ø§Ø³ÙŠØ© Ø³Ø§Ø¨Ù‚Ø© Ù„Ù„Ù‡ÙŠØ¨Ø§Ø±ÙŠÙ†  Ù„Ø§ ÙŠØ§Ø®Ø° Ù…Ø·Ø¹ÙˆÙ… Ø§Ø³ØªØ±Ø§Ø²ÙŠÙ†ÙƒØ§ Ùˆ Ù…Ø§ ÙŠØ§Ø®Ø° Ø§Ù„Ø¬Ø±Ø¹Ø© Ø§Ù„Ø«Ø§Ù†ÙŠØ© Ù„Ø­ÙŠÙ† Ø§Ù† ÙŠØ«Ø¨Øª Ø§Ù„Ø¹ÙƒØ³,ar,[],[],[],6,16,51,[],[],https://twitter.com/MoeAlmomani95/status/1380551043772248066,False,https://twitter.com/EricTopol/status/1380540172383571974,0,,Amman,,,,,,[],,,,
1380495194093719555,1380495194093719555,2021-04-09 15:17:57 Jordan Daylight Time,2021-04-09,15:17:57,+0300,60041162,majdsleiti,Majd,,ØªÙ†Ø§ÙˆÙ„ Ù†ØªØ§Ø¦Ø¬ Ø§Ù„Ø£Ø¨Ø­Ø§Ø« Ø§Ù„Ø¹Ù„Ù…ÙŠØ© Ø¥Ø¹Ù„Ø§Ù…ÙŠØ§ ÙƒØ§Ø±Ø«Ø© ÙÙŠ Ø­Ø§Ù„ Ø¹Ø¯Ù… Ø¶Ø¨Ø·Ù‡Ø§ØŒ Ù„Ø£Ù†Ù‡Ø§ Ù…Ø³ØªØ­ÙŠÙ„ Ø£Ù† ØªÙƒÙˆÙ† Ù…ÙØ±Ø³Ù„Ø© ÙˆÙ…Ø·Ù„Ù‚Ø©ØŒ ÙˆÙ„Ø°Ù„Ùƒ ÙŠØ¬Ø¨ Ø§Ù„ØªØ±ÙƒÙŠØ² Ø¹Ù„Ù‰ ØªÙØ§ØµÙŠÙ„Ù‡Ø§ ÙˆÙ…Ø­Ø¯Ø¯Ø§ØªÙ‡Ø§. ÙŠØ¹Ù†ÙŠ Ù…Ø§ ÙÙŠ Ø§Ø´ÙŠ Ø§Ø³Ù…Ù‡ Ù…Ø·Ø¹ÙˆÙ… Ø¨Ø¹Ù…Ù„ Ø¬Ù„Ø·Ø§Øª. Ø¨Ø³ ÙÙŠ Ø§Ø´ÙŠ Ø§Ø³Ù…Ù‡ Ù…Ø·Ø¹ÙˆÙ… Ù…Ù…ÙƒÙ† ÙŠØ¹Ù…Ù„ Ø¬Ù„Ø·Ø§Øª Ø¨Ù†Ø³Ø¨Ø© ÙƒØ°Ø§ ÙÙŠ Ø§Ù„ÙØ¦Ø© Ø§Ù„Ø¹Ù…Ø±ÙŠØ© ÙƒØ°Ø§ØŒ ÙˆÙŠØ¬Ø¨ Ù…Ù‚Ø§Ø±Ù†ØªÙ‡ Ø¨Ø£Ø®Ø·Ø§Ø± Ø§Ù„ÙÙŠØ±ÙˆØ³ Ø£ÙŠØ¶Ø§.,ar,[],[],[],2,11,102,[],[],https://twitter.com/MajdSleiti/status/1380495194093719555,False,,0,,Amman,,,,,,[],,,,
1380487240229474305,1380487240229474305,2021-04-09 14:46:20 Jordan Daylight Time,2021-04-09,14:46:20,+0300,714483660557328384,rumnewsonline,ÙˆÙƒØ§Ù„Ø© Ø±Ù… Ù„Ù„Ø£Ù†Ø¨Ø§Ø¡,,Ø§Ù„ØµØ­Ø©: Ù…Ø·Ø¹ÙˆÙ… ÙÙŠØ±ÙˆØ³ ÙƒÙˆØ±ÙˆÙ†Ø§ Ù„Ø§ ÙŠÙØ¨Ø·Ù„ Ø§Ù„ØµÙŠØ§Ù…  https://t.co/OTgzUXg4dM #Ø¹Ø§Ø¬Ù„,ar,[],['http://www.rumonline.net/article/561122#.YHA-f84U9FY.twitter'],[],0,0,0,['Ø¹Ø§Ø¬Ù„'],[],https://twitter.com/rumnewsonline/status/1380487240229474305,False,,0,,Amman,,,,,,[],,,,
1380435700672299008,1380198510902063111,2021-04-09 11:21:32 Jordan Daylight Time,2021-04-09,11:21:32,+0300,1250308396969914368,i_layani,â€¢ ğ“ğ’¶ğ“ğ’¶ğ“ƒ,,@karammarwan9 Ù…Ø§ Ù‡Ùˆ Ø¹Ø´Ø§Ù† ÙÙŠ Ù…Ø·Ø¹ÙˆÙ… Ù…Ø¹ØªÙ…Ø¯ Ù„Ù…Ø§ ØªØ³Ø§ÙØ± ÙˆÙÙŠ Ù…Ù†Ù‡Ù… Ù„Ø§ Ù…Ø§ Ø¨ØªØ³ØªÙÙŠØ¯ ğŸ˜‚,ar,[],[],[],0,0,0,[],[],https://twitter.com/i_layani/status/1380435700672299008,False,,0,,Amman,,,,,,"[{'screen_name': 'karammarwan9', 'name': 'karam marwan', 'id': '1231294552750927874'}]",,,,
1380146179351195652,1380036618170609664,2021-04-08 16:11:05 Jordan Daylight Time,2021-04-08,16:11:05,+0300,240747608,zeid_alsukkar,Zeid AlSukkar,,@SaltiD1G ÙƒÙ„ Ù…Ø·Ø¹ÙˆÙ… ÙˆÙ„Ø§ Ø§Ø®ØªÙˆ Ø¨Ø®ÙŠØ±,ar,[],[],[],1,0,0,[],[],https://twitter.com/Zeid_ALSukkar/status/1380146179351195652,False,,0,,Amman,,,,,,"[{'screen_name': 'SaltiD1G', 'name': 'â°Ù…Ø¬Ø­Ù…â°', 'id': '210358797'}]",,,,
1380014729377284097,1380014729377284097,2021-04-08 07:28:45 Jordan Daylight Time,2021-04-08,07:28:45,+0300,48989871,kalsal,Khaled Salaymeh,,Ø¹Ø§Ø¬Ù„: ØªÙ… Ø¥Ø¹Ø·Ø§Ø¡ Ø£ÙƒØ«Ø± Ù…Ù† Ù§Ù Ù  Ù…Ù„ÙŠÙˆÙ† Ø¬Ø±Ø¹Ø© Ù…Ø·Ø¹ÙˆÙ… Ø¶Ø¯ ÙØ§ÙŠØ±ÙˆØ³ ÙƒÙˆØ±ÙˆÙ†Ø§ ÙÙŠ Ø¬Ù…ÙŠØ¹ Ø£Ù†Ø­Ø§Ø¡ Ø§Ù„Ø¹Ø§Ù„Ù…. Ø§Ù…Ø±ÙŠÙƒØ§ Ù¡Ù§Ù¡ Ù…Ù„ÙŠÙˆÙ† Ø¬Ø±Ø¹Ø©ØŒ Ø§Ù„ØµÙŠÙ† Ù¡Ù¤Ù£ Ù…Ù„ÙŠÙˆÙ† Ø¬Ø±Ø¹Ø© Ùˆ ØªØ±ÙƒÙŠØ§ Ù¡Ù¨ Ù…Ù„ÙŠÙˆÙ† Ø¬Ø±Ø¹Ø© Ù…ØªÙÙˆÙ‚Ø© Ø¹Ù„Ù‰ Ø¬Ù…ÙŠØ¹ Ø¯ÙˆÙ„ Ø§Ù„Ø¥ØªØ­Ø§Ø¯ Ø§Ù„Ø§ÙˆØ±ÙˆØ¨ÙŠ.  Ø¥Ø­Ù…ÙŠ Ù†ÙØ³Ùƒ Ùˆ Ø®ÙˆØ¯ Ø§Ù„Ù…Ø·Ø¹ÙˆÙ… Ø¨Ø¯ÙˆÙ† ØªØ±Ø¯Ø¯  https://t.co/1cF4E2G2BL,ar,[],[],['https://pbs.twimg.com/media/EybMFCWWQAkjxpa.jpg'],0,0,2,[],[],https://twitter.com/kalsal/status/1380014729377284097,False,,1,https://pbs.twimg.com/media/EybMFCWWQAkjxpa.jpg,Amman,,,,,,[],,,,
1379874643272724483,1379763090653384707,2021-04-07 22:12:06 Jordan Daylight Time,2021-04-07,22:12:06,+0300,526767728,qusaizreiqat,QUSAI ZREIQAT,,@DanaAlQassas Ù…Ø·Ø¹ÙˆÙ… Ø§Ù„ØµØ­Ø© Ùˆ Ø§Ù„Ø¹Ø§ÙÙŠØ©,ar,[],[],[],0,0,0,[],[],https://twitter.com/QUSAIZREIQAT/status/1379874643272724483,False,,0,,Amman,,,,,,"[{'screen_name': 'DanaAlQassas', 'name': 'Dee Ø¯Ø§Ù†Ø©', 'id': '621081590'}]",,,,
1379824657545711619,1379824210458017793,2021-04-07 18:53:28 Jordan Daylight Time,2021-04-07,18:53:28,+0300,972967392744747009,baniiyassen,Ø¨ÙØ´Ù‘Ø§Ø±,,@leenqadoumi Ù…Ø§ ÙŠØ¹Ø§Ø¯Ù„ Ø§Ø¨Ùˆ Ù¡Ù¥Ù Ù Ù  Ù…Ø·Ø¹ÙˆÙ…,ar,[],[],[],1,0,5,[],[],https://twitter.com/BaniiYassen/status/1379824657545711619,False,,0,,Amman,,,,,,"[{'screen_name': 'leenqadoumi', 'name': 'Ù„ÙŠÙ†', 'id': '2348560587'}]",,,,
1379804292379410437,1379804292379410437,2021-04-07 17:32:33 Jordan Daylight Time,2021-04-07,17:32:33,+0300,369396365,urdoni,Urdoni Ø£Ø±Ø¯Ù†ÙŠ,,Ù„Ø§Ø¹Ø¨Ùˆ Ø§Ù„Ù…Ù†ØªØ®Ø¨ Ø§Ù„ÙˆØ·Ù†ÙŠ ÙŠØªÙ„Ù‚ÙˆÙ† Ø§Ù„Ø¬Ø±Ø¹Ø© Ø§Ù„Ø£ÙˆÙ„Ù‰ Ù…Ù† Ù…Ø·Ø¹ÙˆÙ… ÙƒÙˆØ±ÙˆÙ†Ø§  https://t.co/ZKgDKS00kh  https://t.co/PUdTl3oQdr,ar,[],['http://dlvr.it/RxB0rx'],['https://pbs.twimg.com/media/EyYMsS2VgAIEOtL.png'],0,0,0,[],[],https://twitter.com/Urdoni/status/1379804292379410437,False,,1,https://pbs.twimg.com/media/EyYMsS2VgAIEOtL.png,Amman,,,,,,[],,,,
1379800156544102400,1379691942733361152,2021-04-07 17:16:07 Jordan Daylight Time,2021-04-07,17:16:07,+0300,526767728,qusaizreiqat,QUSAI ZREIQAT,,@Sheeba_sa Ø§Ù†Ø§ Ø£Ù…Ø³ Ø§Ø®Ø°Øª Ù…Ø·Ø¹ÙˆÙ… Ø³ÙŠÙ†ÙˆÙØ§Ø±Ù… Ø§Ù„Ø­Ù…Ø¯ Ù„Ù„Ù‡ ğŸ’™ğŸ’š.. ÙˆÙ…Ø§ÙÙŠ Ø§ÙŠ Ø§Ø¹Ø±Ø§Ø¶ Ù‚ÙˆÙŠØ©... Ù…Ø·Ø¹ÙˆÙ… Ø§Ù„ØµØ­Ø© ÙˆØ§Ù„Ø¹Ø§ÙÙŠØ© Ø§Ù„Ùƒ ğŸ’™â¤ï¸ ÙŠØ§Ø±Ø¨,ar,[],[],[],1,0,0,[],[],https://twitter.com/QUSAIZREIQAT/status/1379800156544102400,False,,0,,Amman,,,,,,"[{'screen_name': 'Sheeba_sa', 'name': 'SabaØ¡', 'id': '886315375155138561'}]",,,,
1379797832018837511,1379797832018837511,2021-04-07 17:06:53 Jordan Daylight Time,2021-04-07,17:06:53,+0300,1242426866771918848,swatannews,swatan news - ØµÙˆØª Ø§Ù„ÙˆØ·Ù† Ù†ÙŠÙˆØ²,,Ù„Ø§Ø¹Ø¨Ùˆ Ø§Ù„Ù…Ù†ØªØ®Ø¨ Ø§Ù„ÙˆØ·Ù†ÙŠ ÙŠØªÙ„Ù‚ÙˆÙ† Ø§Ù„Ø¬Ø±Ø¹Ø© Ø§Ù„Ø£ÙˆÙ„Ù‰ Ù…Ù† Ù…Ø·Ø¹ÙˆÙ… ÙƒÙˆØ±ÙˆÙ†Ø§  https://t.co/3uUy8A8i1q,ar,[],['https://swatan.news/article/10718#.YG28ej5cacE.twitter'],[],0,0,0,[],[],https://twitter.com/SwatanNews/status/1379797832018837511,False,,0,,Amman,,,,,,[],,,,
1379797446440718341,1379797446440718341,2021-04-07 17:05:21 Jordan Daylight Time,2021-04-07,17:05:21,+0300,1242426866771918848,swatannews,swatan news - ØµÙˆØª Ø§Ù„ÙˆØ·Ù† Ù†ÙŠÙˆØ²,,Ù„Ø§Ø¹Ø¨Ùˆ Ø§Ù„Ù…Ù†ØªØ®Ø¨ Ø§Ù„ÙˆØ·Ù†ÙŠ ÙŠØªÙ„Ù‚ÙˆÙ† Ø§Ù„Ø¬Ø±Ø¹Ø© Ø§Ù„Ø£ÙˆÙ„Ù‰ Ù…Ù† Ù…Ø·Ø¹ÙˆÙ… ÙƒÙˆØ±ÙˆÙ†Ø§  https://t.co/wrW5qzWyh0,ar,[],['https://swatan.news/article/10718#.YG28Hmxd11g.twitter'],[],0,0,0,[],[],https://twitter.com/SwatanNews/status/1379797446440718341,False,,0,,Amman,,,,,,[],,,,
1379796533982474240,1379796533982474240,2021-04-07 17:01:43 Jordan Daylight Time,2021-04-07,17:01:43,+0300,2608326001,alordonalyoom,Ù‚Ù†Ø§Ø© Ø§Ù„Ø£Ø±Ø¯Ù† Ø§Ù„ÙŠÙˆÙ…,,Ù„Ø§Ø¹Ø¨Ùˆ #Ø§Ù„Ù…Ù†ØªØ®Ø¨_Ø§Ù„ÙˆØ·Ù†ÙŠ ÙŠØªÙ„Ù‚ÙˆÙ† Ø§Ù„Ø¬Ø±Ø¹Ø© Ø§Ù„Ø£ÙˆÙ„Ù‰ Ù…Ù† Ù…Ø·Ø¹ÙˆÙ… #ÙƒÙˆØ±ÙˆÙ†Ø§ #Ø§Ù„Ø£Ø±Ø¯Ù†_Ø§Ù„ÙŠÙˆÙ… #Ø§Ù„Ø£Ø±Ø¯Ù† #Ù…Ø·Ø¹ÙˆÙ…_ÙƒÙˆØ±ÙˆÙ†Ø§ #ÙƒØ±Ø©_Ø§Ù„Ù‚Ø¯Ù…  https://t.co/3fa0P9oGsZ,ar,[],['https://alordoon.com/news/archives/1481467'],[],0,0,0,"['Ø§Ù„Ù…Ù†ØªØ®Ø¨_Ø§Ù„ÙˆØ·Ù†ÙŠ', 'ÙƒÙˆØ±ÙˆÙ†Ø§', 'Ø§Ù„Ø£Ø±Ø¯Ù†_Ø§Ù„ÙŠÙˆÙ…', 'Ø§Ù„Ø£Ø±Ø¯Ù†', 'Ù…Ø·Ø¹ÙˆÙ…_ÙƒÙˆØ±ÙˆÙ†Ø§', 'ÙƒØ±Ø©_Ø§Ù„Ù‚Ø¯Ù…']",[],https://twitter.com/Alordonalyoom/status/1379796533982474240,False,,0,,Amman,,,,,,[],,,,
1379794677923188736,1379794677923188736,2021-04-07 16:54:21 Jordan Daylight Time,2021-04-07,16:54:21,+0300,204800316,assabeeldotnet,ØµØ­ÙŠÙØ© Ø§Ù„Ø³Ø¨ÙŠÙ„,,Ù„Ø§Ø¹Ø¨Ùˆ Ø§Ù„Ù…Ù†ØªØ®Ø¨ Ø§Ù„ÙˆØ·Ù†ÙŠ ÙŠØªÙ„Ù‚ÙˆÙ† Ø§Ù„Ø¬Ø±Ø¹Ø© Ø§Ù„Ø£ÙˆÙ„Ù‰ Ù…Ù† Ù…Ø·Ø¹ÙˆÙ… ÙƒÙˆØ±ÙˆÙ†Ø§ @assabeeldotnet  https://t.co/VBxCotkcGU,ar,"[{'screen_name': 'assabeeldotnet', 'name': 'ØµØ­ÙŠÙØ© Ø§Ù„Ø³Ø¨ÙŠÙ„', 'id': '204800316'}]",['https://assabeel.net/481177'],[],0,0,0,[],[],https://twitter.com/assabeeldotnet/status/1379794677923188736,False,,0,,Amman,,,,,,[],,,,
1379793109907861507,1379793109907861507,2021-04-07 16:48:07 Jordan Daylight Time,2021-04-07,16:48:07,+0300,84311137,alrai,Ø§Ù„Ø±Ø£ÙŠ - Ø£Ø®Ø¨Ø§Ø± Ø§Ù„Ø£Ø±Ø¯Ù†,,Ù„Ø§Ø¹Ø¨Ùˆ Ø§Ù„Ù…Ù†ØªØ®Ø¨ Ø§Ù„ÙˆØ·Ù†ÙŠ ÙŠØªÙ„Ù‚ÙˆÙ† Ø§Ù„Ø¬Ø±Ø¹Ø© Ø§Ù„Ø£ÙˆÙ„Ù‰ Ù…Ù† Ù…Ø·Ø¹ÙˆÙ… ÙƒÙˆØ±ÙˆÙ†Ø§   https://t.co/RgRH7HcSiY #ØµØ­ÙŠÙØ©_Ø§Ù„Ø±Ø£ÙŠ,ar,[],['http://alrai.com/article/10585500/'],[],0,0,5,['ØµØ­ÙŠÙØ©_Ø§Ù„Ø±Ø£ÙŠ'],[],https://twitter.com/alrai/status/1379793109907861507,False,,0,,Amman,,,,,,[],,,,
1379791099166883843,1379791099166883843,2021-04-07 16:40:07 Jordan Daylight Time,2021-04-07,16:40:07,+0300,2256678577,addustournews,Ø¬Ø±ÙŠØ¯Ø© Ø§Ù„Ø¯Ø³ØªÙˆØ± - Addustour Newspaper,,Ù„Ø§Ø¹Ø¨Ùˆ Ø§Ù„Ù…Ù†ØªØ®Ø¨ Ø§Ù„ÙˆØ·Ù†ÙŠ ÙŠØªÙ„Ù‚ÙˆÙ† Ø§Ù„Ø¬Ø±Ø¹Ø© Ø§Ù„Ø£ÙˆÙ„Ù‰ Ù…Ù† Ù…Ø·Ø¹ÙˆÙ… ÙƒÙˆØ±ÙˆÙ†Ø§  https://t.co/IU59jKYWto  #Ø§Ù„Ø§Ø±Ø¯Ù† #Ø¬Ø±ÙŠØ¯Ø©_Ø§Ù„Ø¯Ø³ØªÙˆØ±_Ø§Ù„Ø£Ø±Ø¯Ù†ÙŠØ©  https://t.co/gCl3JJUDag,ar,[],['https://www.addustour.com/articles/1210423-%D9%84%D8%A7%D8%B9%D8%A8%D9%88-%D8%A7%D9%84%D9%85%D9%86%D8%AA%D8%AE%D8%A8-%D8%A7%D9%84%D9%88%D8%B7%D9%86%D9%8A-%D9%8A%D8%AA%D9%84%D9%82%D9%88%D9%86-%D8%A7%D9%84%D8%AC%D8%B1%D8%B9%D8%A9-%D8%A7%D9%84%D8%A3%D9%88%D9%84%D9%89-%D9%85%D9%86-%D9%85%D8%B7%D8%B9%D9%88%D9%85-%D9%83%D9%88%D8%B1%D9%88%D9%86%D8%A7'],['https://pbs.twimg.com/media/EyYAsWZXEAMn1Tu.jpg'],0,0,0,"['Ø§Ù„Ø§Ø±Ø¯Ù†', 'Ø¬Ø±ÙŠØ¯Ø©_Ø§Ù„Ø¯Ø³ØªÙˆØ±_Ø§Ù„Ø£Ø±Ø¯Ù†ÙŠØ©']",[],https://twitter.com/AddustourNews/status/1379791099166883843,False,,1,https://pbs.twimg.com/media/EyYAsWZXEAMn1Tu.jpg,Amman,,,,,,[],,,,
1379789843920793603,1379789843920793603,2021-04-07 16:35:08 Jordan Daylight Time,2021-04-07,16:35:08,+0300,207026848,assawsananews,Assawsana News,,Ù„Ø§Ø¹Ø¨Ùˆ Ø§Ù„Ù…Ù†ØªØ®Ø¨ Ø§Ù„ÙˆØ·Ù†ÙŠ ÙŠØªÙ„Ù‚ÙˆÙ† Ù…Ø·Ø¹ÙˆÙ… ÙƒÙˆØ±ÙˆÙ†Ø§  https://t.co/iphVCvBui7  #Ø§Ù„Ø³ÙˆØ³Ù†Ø©,ar,[],['https://www.assawsana.com/portal/pages.php?newsid=502846'],[],0,0,0,['Ø§Ù„Ø³ÙˆØ³Ù†Ø©'],[],https://twitter.com/assawsanaNews/status/1379789843920793603,False,,0,,Amman,,,,,,[],,,,
1379730965690474496,1379730965690474496,2021-04-07 12:41:11 Jordan Daylight Time,2021-04-07,12:41:11,+0300,112008233,macadinahhas,Macadi Nahhas,,ÙˆÙ‡ÙŠÙ†Ø§ Ø§Ø®Ø°Ù†Ø§ Ø§Ù„Ù…Ø·Ø¹ÙˆÙ… Ø´ÙƒØ±Ø§ Ù„Ø¨Ù„Ø¯ÙŠ Ø¹Ù„Ù‰ ØªØ£Ù…ÙŠÙ†Ù‡ Ù„Ù…ÙˆØ§Ø·Ù†ÙŠÙ‡ #Ø§Ù„Ø§Ø±Ø¯Ù† #Ù…Ø·Ø¹ÙˆÙ… #ØµÙŠÙ†ÙŠ  https://t.co/qJSZ525X2U,ar,[],[],['https://pbs.twimg.com/media/EyXJ_q0WYAIbb9a.jpg'],6,0,15,"['Ø§Ù„Ø§Ø±Ø¯Ù†', 'Ù…Ø·Ø¹ÙˆÙ…', 'ØµÙŠÙ†ÙŠ']",[],https://twitter.com/Macadinahhas/status/1379730965690474496,False,,1,https://pbs.twimg.com/media/EyXJ_q0WYAIbb9a.jpg,Amman,,,,,,[],,,,
1379676659889094657,1379676659889094657,2021-04-07 09:05:23 Jordan Daylight Time,2021-04-07,09:05:23,+0300,3252114571,alnashashrawan,Rawan Alnashash,,ØªØ¹Ø·ÙŠ Ø§Ù„Ù†Ø§Ø³ Ø§Ù„Ù…Ø·Ø¹ÙˆÙ… .. ÙˆØ§Ø¬Ø¨Ùƒ âœ… ØªÙˆØ®Ø° Ø¥Ù†Øª Ø§Ù„Ù…Ø·Ø¹ÙˆÙ… .. Ø­Ù‚ÙˆÙ‚ âŒ Ù„Ø§Ø²Ù… Ø§Ù†Øª ÙƒÙƒÙˆØ§Ø¯Ø± ØªÙƒÙˆÙ† Ø­ÙŠØ§ØªÙƒ Ù…Ø¹Ù‚Ø¯Ø©  Ø·ÙŠØ¨ ... Ø¨Ø¯ÙŠØ´ Ø£Ø®Ø° Ù…Ø·Ø¹ÙˆÙ…,ar,[],[],[],1,0,0,[],[],https://twitter.com/AlnashashRawan/status/1379676659889094657,False,,0,,Amman,,,,,,[],,,,
1379475379178594310,1379475379178594310,2021-04-06 19:45:34 Jordan Daylight Time,2021-04-06,19:45:34,+0300,40264837,yarankhateeb,yara,,Ø§Ø®Ø°Øª ØµØ§Ø­Ø¨ØªÙŠ Ø¹Ù…Ø±ÙƒØ² ØµØ­ÙŠ Ø§Ù„ÙØ­ÙŠØµ Ø¹Ø´Ø§Ù† ØªØ§Ø®Ø¯ Ø§Ù„Ù…Ø·Ø¹ÙˆÙ…ØŒ Ù…Ø·Ø¹ÙˆÙ… ÙˆØ° Ø§Ù‡ ÙÙŠÙˆ.  https://t.co/PRsUN92red,ar,[],[],['https://pbs.twimg.com/media/EyThi_HXAAAaaLu.jpg'],2,0,15,[],[],https://twitter.com/YaraNkhateeb/status/1379475379178594310,False,,1,https://pbs.twimg.com/media/EyThi_HXAAAaaLu.jpg,Amman,,,,,,[],,,,
1379468572871819265,1379468572871819265,2021-04-06 19:18:31 Jordan Daylight Time,2021-04-06,19:18:31,+0300,3279985152,qudahhala0,Ø­Ù„Ø§,,ØµØ­ÙŠØ­ Ø§Ù†Ù‡ ÙŠÙ„ÙŠ Ø¨ÙŠØ§Ø®Ø¯ Ù…Ø·Ø¹ÙˆÙ… Ø¨Ù‚Ø¯Ø± ÙŠØ·Ù„Ø¹ Ø¨Ø¹Ø¯ Ø§Ù„ Ù§ØŸØŸ,ar,[],[],[],2,0,0,[],[],https://twitter.com/qudahhala0/status/1379468572871819265,False,,0,,Amman,,,,,,[],,,,
1379458875536080900,1379445044336283648,2021-04-06 18:39:59 Jordan Daylight Time,2021-04-06,18:39:59,+0300,965683103317610497,alaaafi89265628,Alaa Afifi,,@nanoAiz Ø§Ù„Ù„Ù‡ ÙŠØ´Ø§ÙÙŠÙƒ ÙˆÙŠØ­Ù…ÙŠÙƒ Ù…Ù† ÙƒÙ„ Ø³ÙˆØ¡ .... ğŸŒ·Ø£Ù†Ø§ Ø¨ÙƒØ±Ø§ Ø¹Ù†Ø¯ÙŠ Ù…Ø·Ø¹ÙˆÙ… ÙˆØ®Ø§ÙŠÙÙ‡ Ø£Ø±ÙˆØ­ ğŸ¤¯,ar,[],[],[],1,0,2,[],[],https://twitter.com/AlaaAfi89265628/status/1379458875536080900,False,,0,,Amman,,,,,,"[{'screen_name': 'nanoAiz', 'name': 'Ms. Nuha Abdulkareem', 'id': '248550730'}]",,,,
1379429458260619266,1379429458260619266,2021-04-06 16:43:06 Jordan Daylight Time,2021-04-06,16:43:06,+0300,3252114571,alnashashrawan,Rawan Alnashash,,ÙƒÙˆØ§Ø¯Ø± ÙˆÙ…Ù† Ù¥ Ø´Ù‡ÙˆØ± ØªØ¹Ø§ÙÙŠØª  Ùˆ Ø¨Ø±ÙØ¶ÙˆØ§ Ø§Ù†ÙŠ Ø£Ø®Ø° Ù…Ø·Ø¹ÙˆÙ… .. Ø³Ø¨Ø­Ø§Ù† Ø§Ù„Ù„Ù‡ Ø¬Ø¯ Ø³Ø¨Ø­Ø§Ù† Ø§Ù„Ù„Ù‡ ğŸ¤¦,ar,[],[],[],1,0,0,[],[],https://twitter.com/AlnashashRawan/status/1379429458260619266,False,https://twitter.com/AlMamlakaTV/status/1379422151246278659,0,,Amman,,,,,,[],,,,
1379411252464787457,1379346745499529217,2021-04-06 15:30:45 Jordan Daylight Time,2021-04-06,15:30:45,+0300,132651117,ziadababneh,Ø²ÙŠØ§Ø¯ Ø¹Ø¨Ø§Ø¨Ù†Ø©,,@HILDAAJELAT1 Ø§ÙØ¶Ù„ Ù…Ø·Ø¹ÙˆÙ… Ø§Ù„Ù…Ø·Ø¹ÙˆÙ… Ø§Ù„Ø±ÙˆØ³ÙŠ  Ù‡Ù‡Ù‡Ù‡Ù‡Ù‡Ù‡Ù‡,ar,[],[],[],2,0,5,[],[],https://twitter.com/ZiadAbabneh/status/1379411252464787457,False,,0,,Amman,,,,,,"[{'screen_name': 'HILDAAJELAT1', 'name': 'Hilda Shafiq Ajeilat ğŸ‡¯ğŸ‡´', 'id': '1254401304'}]",,,,
1379293377137631232,1379293377137631232,2021-04-06 07:42:21 Jordan Daylight Time,2021-04-06,07:42:21,+0300,864438608,sht2020shot,AMMAR & SH â¤ï¸ğŸ‡¯ğŸ‡´,,ÙŠØ§ Ø¬Ù…Ø§Ø¹Ù‡ ÙƒÙŠÙ Ø§Ù„Ø§Ù…ÙˆØ± Ù…Ø³ØªØ§Ù‡Ù„Ù‡ Ø§Ø±ÙˆØ­ ğŸ¤¦â€â™‚ï¸ğŸ˜‚ğŸ˜‚ğŸ˜‚#ÙƒÙ„Ù†Ø§_Ø§Ù„Ø£Ù…ÙŠØ±_Ø­Ù…Ø²Ø©  #Ø§Ù„Ø´Ø¹Ø¨_Ø§Ù„Ø§Ø±Ø¯Ù†ÙŠ #amman  #ÙƒÙˆØ±ÙˆÙ†Ø§_Ø§Ù„Ø§Ø±Ø¯Ù† #Ù…Ø·Ø¹ÙˆÙ…  https://t.co/9dJx3eBOEM,ar,[],[],['https://pbs.twimg.com/media/EyQ8A34XMAMfW73.jpg'],1,0,2,"['ÙƒÙ„Ù†Ø§_Ø§Ù„Ø£Ù…ÙŠØ±_Ø­Ù…Ø²Ø©', 'Ø§Ù„Ø´Ø¹Ø¨_Ø§Ù„Ø§Ø±Ø¯Ù†ÙŠ', 'amman', 'ÙƒÙˆØ±ÙˆÙ†Ø§_Ø§Ù„Ø§Ø±Ø¯Ù†', 'Ù…Ø·Ø¹ÙˆÙ…']",[],https://twitter.com/sht2020shot/status/1379293377137631232,False,,1,https://pbs.twimg.com/media/EyQ8A34XMAMfW73.jpg,Amman,,,,,,[],,,,
1379177867054100492,1379177867054100492,2021-04-06 00:03:22 Jordan Daylight Time,2021-04-06,00:03:22,+0300,991727333789888513,wasanalzyoud,â€ï®¼ÙˆÙØ³Ù†ØŒØ§Ù„ÙÙ‘Ø²ÙŠÙˆØ¯,,Ù‡ÙŠ Ø§Ù„ÙƒÙ„ÙŠÙ‡ ÙƒÙ„Ù‡Ø§ Ù…Ø³ØªØ§Ù‡Ù„Ù‡ Ø§Ù„Ù„ÙŠÙ„Ù‡ Ø§Ù„Ø§Ù†Ø³ Ø§Ù„Ù„ÙŠ Ø¹Ø§ÙŠØ´ÙŠØªÙ‡Ø§ Ù‡Ø§ÙŠ Ù…Ù† ÙˆØ±Ø§ Ù…Ø·Ø¹ÙˆÙ… Ù…Ù„Ù‡ÙˆØ´ Ø§ÙŠ Ø³ØªÙŠÙ† Ù„Ø§Ø²Ù…Ù‡ ğŸ™ƒğŸ¥²,ar,[],[],[],1,0,7,[],[],https://twitter.com/WasanAlzyoud/status/1379177867054100492,False,,0,,Amman,,,,,,[],,,,
1379162792150900746,1379162792150900746,2021-04-05 23:03:27 Jordan Daylight Time,2021-04-05,23:03:27,+0300,207026848,assawsananews,Assawsana News,,Ø¥Ù‚Ø¨Ø§Ù„ Ø¹Ù„Ù‰ ØªÙ„Ù‚ÙŠ Ù…Ø·Ø¹ÙˆÙ… ÙƒÙˆØ±ÙˆÙ†Ø§ ÙÙŠ Ø¹Ø¬Ù„ÙˆÙ†   https://t.co/CrRY36hc4V  #Ø§Ù„Ø³ÙˆØ³Ù†Ø© #ÙƒÙˆØ±ÙˆÙ†Ø§,ar,[],['https://www.assawsana.com/portal/pages.php?newsid=502609'],[],0,0,0,"['Ø§Ù„Ø³ÙˆØ³Ù†Ø©', 'ÙƒÙˆØ±ÙˆÙ†Ø§']",[],https://twitter.com/assawsanaNews/status/1379162792150900746,False,,0,,Amman,,,,,,[],,,,
1379159195195428865,1379159195195428865,2021-04-05 22:49:10 Jordan Daylight Time,2021-04-05,22:49:10,+0300,714483660557328384,rumnewsonline,ÙˆÙƒØ§Ù„Ø© Ø±Ù… Ù„Ù„Ø£Ù†Ø¨Ø§Ø¡,,Ø¹Ø¬Ù„ÙˆÙ†: Ø¥Ù‚Ø¨Ø§Ù„ Ø¹Ù„Ù‰ ØªÙ„Ù‚ÙŠ Ù…Ø·Ø¹ÙˆÙ… ÙƒÙˆØ±ÙˆÙ†Ø§  https://t.co/OEc8dM3Llw,ar,[],['http://www.rumonline.net/article/560652#.YGtpsapn314.twitter'],[],0,0,0,[],[],https://twitter.com/rumnewsonline/status/1379159195195428865,False,,0,,Amman,,,,,,[],,,,
1379148730289520641,1379148730289520641,2021-04-05 22:07:35 Jordan Daylight Time,2021-04-05,22:07:35,+0300,204800316,assabeeldotnet,ØµØ­ÙŠÙØ© Ø§Ù„Ø³Ø¨ÙŠÙ„,,Ø¹Ø¬Ù„ÙˆÙ†.. Ø¥Ù‚Ø¨Ø§Ù„ Ø¹Ù„Ù‰ ØªÙ„Ù‚ÙŠ Ù…Ø·Ø¹ÙˆÙ… ÙƒÙˆØ±ÙˆÙ†Ø§  https://t.co/uN4cOM0wJd,ar,[],['http://assabeel.net/480918'],[],0,0,0,[],[],https://twitter.com/assabeeldotnet/status/1379148730289520641,False,,0,,Amman,,,,,,[],,,,
1379061153012326400,1379007352972664834,2021-04-05 16:19:35 Jordan Daylight Time,2021-04-05,16:19:35,+0300,162657689,ayalbanna,Ayman El-Banna,,@amalqudsi1 Ø£Ù†Ø§ Ø§Ø¹Ø°Ø±ÙŠÙ†ÙŠ Ù…Ø§Ø®Ø° Ù…Ø·Ø¹ÙˆÙ… ÙˆØ§ÙŠØ¯ÙŠ Ø¨ØªÙˆØ¬Ø¹Ù†ÙŠ ğŸ˜‚,ar,[],[],[],1,0,1,[],[],https://twitter.com/ayalbanna/status/1379061153012326400,False,,0,,Amman,,,,,,"[{'screen_name': 'amalqudsi1', 'name': 'amal qudsi', 'id': '1287405631511699456'}]",,,,
1379060477716795395,1379020422444949507,2021-04-05 16:16:54 Jordan Daylight Time,2021-04-05,16:16:54,+0300,162657689,ayalbanna,Ayman El-Banna,,@Emankhal1999 Ø¥Ù…Ø¨Ø§Ø±Ø­ Ø£Ø®Ø°Øª Ù…Ø·Ø¹ÙˆÙ… ÙØ§ÙŠØ²Ø±,ar,[],[],[],0,0,0,[],[],https://twitter.com/ayalbanna/status/1379060477716795395,False,,0,,Amman,,,,,,"[{'screen_name': 'Emankhal1999', 'name': 'Eman Khaled Sayaheen ğŸ‡¯ğŸ‡´âš–ï¸', 'id': '1154103901119029248'}]",,,,
1379047040685064193,1379020422444949507,2021-04-05 15:23:30 Jordan Daylight Time,2021-04-05,15:23:30,+0300,924920916722831360,mkasaji98,Mohammad N. Kasaji ğŸ‡¯ğŸ‡´ğŸ‡°ğŸ‡¼ğŸ‡µğŸ‡¸,,@Emankhal1999 Ø§Ø³ØªØ±Ø§Ø²ÙŠÙ†ÙŠÙƒØ§ Ø²ÙŠ Ø£ÙŠ Ù…Ø·Ø¹ÙˆÙ… Ø«Ø§Ù†ÙŠ Ù„Ø§ ØªØ±Ø¯ÙŠ Ø¹ Ø­ÙƒÙŠ Ø¬Ø±ÙˆØ¨Ø§Øª Ø§Ù„Ø¹ÙŠÙ„Ø© ÙƒÙ„Ù‡Ù… Ù§ Ø§Ù„Ù„ÙŠ Ù…Ø§ØªÙˆ Ù…Ù† Ù¡Ù§ Ù…Ù„ÙŠÙˆÙ† ÙŠØ¹Ù†ÙŠ Ù†Ø³Ø¨Ø© Ø£Ù‚Ù„ Ù…Ù† Ø·Ø¨ÙŠØ¹ÙŠØ©,ar,[],[],[],1,0,1,[],[],https://twitter.com/mKasaji98/status/1379047040685064193,False,,0,,Amman,,,,,,"[{'screen_name': 'Emankhal1999', 'name': 'Eman Khaled Sayaheen ğŸ‡¯ğŸ‡´âš–ï¸', 'id': '1154103901119029248'}]",,,,
1379031220038864897,1379029882487853057,2021-04-05 14:20:38 Jordan Daylight Time,2021-04-05,14:20:38,+0300,336621182,ahmad_rawajfeh,ahmad alrawajfeh,,@somayaalmakahle Ù‡Ùˆ ÙƒÙ…Ø§Ù† Ù…Ø·Ø¹ÙˆÙ… Ú¤Ø§ÙŠØ²Ø± ØŸğŸ™„,ar,[],[],[],1,0,0,[],[],https://twitter.com/ahmad_rawajfeh/status/1379031220038864897,False,,0,,Amman,,,,,,"[{'screen_name': 'somayaalmakahle', 'name': 'somaya H almakahleh', 'id': '210413978'}]",,,,
1378816501575258118,1378816501575258118,2021-04-05 00:07:25 Jordan Daylight Time,2021-04-05,00:07:25,+0300,2256678577,addustournews,Ø¬Ø±ÙŠØ¯Ø© Ø§Ù„Ø¯Ø³ØªÙˆØ± - Addustour Newspaper,,Ø¥Ø±Ø¨Ø¯: Ø¶Ø¨Ø· 10 Ù…ØµØ§Ø¨ÙŠÙ† Ø¨ÙƒÙˆØ±ÙˆÙ†Ø§ Ø®Ø§Ø±Ø¬ Ù…Ù†Ø§Ø²Ù„Ù‡Ù….. Ùˆ70 Ø£Ù„ÙØ§ ØªÙ„Ù‚ÙˆØ§ Ù…Ø·Ø¹ÙˆÙ… ÙƒÙˆØ±ÙˆÙ†Ø§  https://t.co/UvqM3xjdpB  #Ø§Ù„Ø§Ø±Ø¯Ù† #Ø¬Ø±ÙŠØ¯Ø©_Ø§Ù„Ø¯Ø³ØªÙˆØ±_Ø§Ù„Ø£Ø±Ø¯Ù†ÙŠØ©,ar,[],['https://www.addustour.com/articles/1209865-%D8%A5%D8%B1%D8%A8%D8%AF-%D8%B6%D8%A8%D8%B7-10-%D9%85%D8%B5%D8%A7%D8%A8%D9%8A%D9%86-%D8%A8%D9%83%D9%88%D8%B1%D9%88%D9%86%D8%A7-%D8%AE%D8%A7%D8%B1%D8%AC-%D9%85%D9%86%D8%A7%D8%B2%D9%84%D9%87%D9%85-%D9%8870-%D8%A3%D9%84%D9%81%D8%A7-%D8%AA%D9%84%D9%82%D9%88%D8%A7-%D9%85%D8%B7%D8%B9%D9%88%D9%85-%D9%83%D9%88%D8%B1%D9%88%D9%86%D8%A7'],[],0,0,0,"['Ø§Ù„Ø§Ø±Ø¯Ù†', 'Ø¬Ø±ÙŠØ¯Ø©_Ø§Ù„Ø¯Ø³ØªÙˆØ±_Ø§Ù„Ø£Ø±Ø¯Ù†ÙŠØ©']",[],https://twitter.com/AddustourNews/status/1378816501575258118,False,,0,,Amman,,,,,,[],,,,
1378797287346946049,1378711116600258565,2021-04-04 22:51:04 Jordan Daylight Time,2021-04-04,22:51:04,+0300,132651117,ziadababneh,Ø²ÙŠØ§Ø¯ Ø¹Ø¨Ø§Ø¨Ù†Ø©,,@oday_albtoush ÙŠØ³Ù„Ù…Ùƒ Ø±Ø¨ÙŠ ØŒ Ù„Ø§ Ø²ÙˆØ¬ØªÙŠ Ø§Ø®Ø°Øª Ù…Ø·Ø¹ÙˆÙ… Ø§Ø³ØªØ±Ø§Ø²ÙŠÙ†ÙŠÙƒØ§ Ù…Ø´ Ø§Ù†Ø§ .,ar,[],[],[],0,0,1,[],[],https://twitter.com/ZiadAbabneh/status/1378797287346946049,False,,0,,Amman,,,,,,"[{'screen_name': 'oday_albtoush', 'name': 'oday Btoush', 'id': '4422498385'}]",,,,
1378769340246462466,1378769340246462466,2021-04-04 21:00:01 Jordan Daylight Time,2021-04-04,21:00:01,+0300,2256678577,addustournews,Ø¬Ø±ÙŠØ¯Ø© Ø§Ù„Ø¯Ø³ØªÙˆØ± - Addustour Newspaper,,Ø¹Ø¯Ø¯ Ø§Ù„Ù…Ø³Ø¬Ù„ÙŠÙ† Ø¹Ù„Ù‰ Ù…Ù†ØµØ© Ù…Ø·Ø¹ÙˆÙ… ÙƒÙˆØ±ÙˆÙ†Ø§ ÙŠØªØ¬Ø§ÙˆØ² Ø­Ø§Ø¬Ø² Ø§Ù„Ù…Ù„ÙŠÙˆÙ†  https://t.co/Sg6AJxsCZm  #Ø§Ù„Ø§Ø±Ø¯Ù† #Ø¬Ø±ÙŠØ¯Ø©_Ø§Ù„Ø¯Ø³ØªÙˆØ±_Ø§Ù„Ø£Ø±Ø¯Ù†ÙŠØ©  https://t.co/OtTjOq9ePh,ar,[],['https://www.addustour.com/articles/1209771-%D8%B9%D8%AF%D8%AF-%D8%A7%D9%84%D9%85%D8%B3%D8%AC%D9%84%D9%8A%D9%86-%D8%B9%D9%84%D9%89-%D9%85%D9%86%D8%B5%D8%A9-%D9%85%D8%B7%D8%B9%D9%88%D9%85-%D9%83%D9%88%D8%B1%D9%88%D9%86%D8%A7-%D9%8A%D8%AA%D8%AC%D8%A7%D9%88%D8%B2-%D8%AD%D8%A7%D8%AC%D8%B2-%D8%A7%D9%84%D9%85%D9%84%D9%8A%D9%88%D9%86'],['https://pbs.twimg.com/media/EyJfaLfXEAEslou.jpg'],0,0,0,"['Ø§Ù„Ø§Ø±Ø¯Ù†', 'Ø¬Ø±ÙŠØ¯Ø©_Ø§Ù„Ø¯Ø³ØªÙˆØ±_Ø§Ù„Ø£Ø±Ø¯Ù†ÙŠØ©']",[],https://twitter.com/AddustourNews/status/1378769340246462466,False,,1,https://pbs.twimg.com/media/EyJfaLfXEAEslou.jpg,Amman,,,,,,[],,,,
1378769221518118913,1378769221518118913,2021-04-04 20:59:33 Jordan Daylight Time,2021-04-04,20:59:33,+0300,369396365,urdoni,Urdoni Ø£Ø±Ø¯Ù†ÙŠ,,Ø£ÙƒØ«Ø± Ù…Ù† Ù…Ù„ÙŠÙˆÙ† Ù…Ø³Ø¬Ù„ Ù„ØªÙ„Ù‚ÙŠ Ù…Ø·Ø¹ÙˆÙ… ÙƒÙˆØ±ÙˆÙ†Ø§  https://t.co/V4La1T2W0v  https://t.co/M16A6WjkDD,ar,[],['http://dlvr.it/Rx07PT'],['https://pbs.twimg.com/media/EyJfTOvU4AgarKQ.jpg'],0,0,1,[],[],https://twitter.com/Urdoni/status/1378769221518118913,False,,1,https://pbs.twimg.com/media/EyJfTOvU4AgarKQ.jpg,Amman,,,,,,[],,,,
1378765513023758343,1378765513023758343,2021-04-04 20:44:49 Jordan Daylight Time,2021-04-04,20:44:49,+0300,204800316,assabeeldotnet,ØµØ­ÙŠÙØ© Ø§Ù„Ø³Ø¨ÙŠÙ„,,Ø¹Ø¯Ø¯ Ø§Ù„Ù…Ø³Ø¬Ù„ÙŠÙ† Ø¹Ù„Ù‰ Ù…Ù†ØµØ© Ù…Ø·Ø¹ÙˆÙ… ÙƒÙˆØ±ÙˆÙ†Ø§ ÙŠØªØ¬Ø§ÙˆØ² Ø­Ø§Ø¬Ø² Ø§Ù„Ù…Ù„ÙŠÙˆÙ†  https://t.co/5weJoTXZYV,ar,[],['http://assabeel.net/480756'],[],0,0,0,[],[],https://twitter.com/assabeeldotnet/status/1378765513023758343,False,,0,,Amman,,,,,,[],,,,
1378764889372700680,1378764889372700680,2021-04-04 20:42:20 Jordan Daylight Time,2021-04-04,20:42:20,+0300,84311137,alrai,Ø§Ù„Ø±Ø£ÙŠ - Ø£Ø®Ø¨Ø§Ø± Ø§Ù„Ø£Ø±Ø¯Ù†,,Ø¹Ø¯Ø¯ Ø§Ù„Ù…Ø³Ø¬Ù„ÙŠÙ† Ø¹Ù„Ù‰ Ù…Ù†ØµØ© Ù…Ø·Ø¹ÙˆÙ… ÙƒÙˆØ±ÙˆÙ†Ø§ ÙŠØªØ¬Ø§ÙˆØ² Ø­Ø§Ø¬Ø² Ø§Ù„Ù…Ù„ÙŠÙˆÙ† #ØµØ­ÙŠÙØ©_Ø§Ù„Ø±Ø£ÙŠ #Ø§Ù„Ø£Ø±Ø¯Ù† #ÙƒÙˆØ±ÙˆÙ†Ø§ #Ø¹Ø§Ø¬Ù„   https://t.co/BCTe8UKX5z,ar,[],['http://alrai.com/article/10585015'],[],0,0,6,"['ØµØ­ÙŠÙØ©_Ø§Ù„Ø±Ø£ÙŠ', 'Ø§Ù„Ø£Ø±Ø¯Ù†', 'ÙƒÙˆØ±ÙˆÙ†Ø§', 'Ø¹Ø§Ø¬Ù„']",[],https://twitter.com/alrai/status/1378764889372700680,False,,0,,Amman,,,,,,[],,,,
1378763977413558274,1378763977413558274,2021-04-04 20:38:43 Jordan Daylight Time,2021-04-04,20:38:43,+0300,223625718,petranews,Jordan News Agency,,Ø¹Ø¯Ø¯ Ø§Ù„Ù…Ø³Ø¬Ù„ÙŠÙ† Ø¹Ù„Ù‰ Ù…Ù†ØµØ© Ù…Ø·Ø¹ÙˆÙ… ÙƒÙˆØ±ÙˆÙ†Ø§ ÙŠØªØ¬Ø§ÙˆØ² Ø­Ø§Ø¬Ø² Ø§Ù„Ù…Ù„ÙŠÙˆÙ†  https://t.co/xQfRMHklhg #Ø¨ØªØ±Ø§ #Ø§Ù„Ø£Ø±Ø¯Ù†,ar,[],['https://petra.gov.jo/Include/InnerPage.jsp?ID=173357&lang=ar&name=news'],[],0,0,1,"['Ø¨ØªØ±Ø§', 'Ø§Ù„Ø£Ø±Ø¯Ù†']",[],https://twitter.com/Petranews/status/1378763977413558274,False,,0,,Amman,,,,,,[],,,,
1378711116600258565,1378711116600258565,2021-04-04 17:08:40 Jordan Daylight Time,2021-04-04,17:08:40,+0300,132651117,ziadababneh,Ø²ÙŠØ§Ø¯ Ø¹Ø¨Ø§Ø¨Ù†Ø©,,Ø§Ù„ÙŠÙˆÙ… Ø§Ù„Ø³Ø§Ø¹Ø© Ù¡Ù¤Ù¢Ù¥ Ø§Ø®Ø°Ù†Ø§ Ø§Ù„Ø¬Ø±Ø¹Ø© Ø§Ù„Ø§ÙˆÙ„Ù‰ Ù…Ù† Ù…Ø·Ø¹ÙˆÙ… Ø³Ø¨ÙˆØªÙ†ÙŠÙƒ Ø§Ù„Ø±ÙˆØ³ÙŠ  ÙˆÙ„ØºØ§ÙŠØ© Ø§Ù„Ø¢Ù† ÙˆØ§Ù„Ø­Ù…Ø¯ Ù„Ù„Ù‡ Ø§Ù„Ø§Ù…ÙˆØ± Ø·Ø¨ÙŠØ¹ÙŠØ© Ø¬Ø¯Ø§ . Ø§Ù„Ù…ÙˆØ¹Ø¯ Ø§Ù„Ù‚Ø§Ø¯Ù… Ù„Ù„Ø¬Ø±Ø¹Ø© Ø§Ù„Ø«Ø§Ù†ÙŠØ© Ø¨Ø¹Ø¯ Ù¢Ù¢ ÙŠÙˆÙ… .,ar,[],[],[],34,2,57,[],[],https://twitter.com/ZiadAbabneh/status/1378711116600258565,False,,0,,Amman,,,,,,[],,,,
1378709705644765184,1378709705644765184,2021-04-04 17:03:03 Jordan Daylight Time,2021-04-04,17:03:03,+0300,207026848,assawsananews,Assawsana News,,Ø£ÙƒØ«Ø± Ù…Ù† 70 Ø£Ù„Ù Ø´Ø®Øµ ØªÙ„Ù‚ÙˆØ§ Ù…Ø·Ø¹ÙˆÙ… ÙƒÙˆØ±ÙˆÙ†Ø§ ÙÙŠ Ø¥Ø±Ø¨Ø¯   https://t.co/xZyqDwccmB  #Ø§Ù„Ø³ÙˆØ³Ù†Ø© #ÙƒÙˆØ±ÙˆÙ†Ø§ #Ø§Ù„Ø§Ø±Ø¯Ù†,ar,[],['https://www.assawsana.com/portal/pages.php?newsid=502424'],[],0,0,0,"['Ø§Ù„Ø³ÙˆØ³Ù†Ø©', 'ÙƒÙˆØ±ÙˆÙ†Ø§', 'Ø§Ù„Ø§Ø±Ø¯Ù†']",[],https://twitter.com/assawsanaNews/status/1378709705644765184,False,,0,,Amman,,,,,,[],,,,
1378620341283655682,1378620341283655682,2021-04-04 11:07:57 Jordan Daylight Time,2021-04-04,11:07:57,+0300,2256678577,addustournews,Ø¬Ø±ÙŠØ¯Ø© Ø§Ù„Ø¯Ø³ØªÙˆØ± - Addustour Newspaper,,#Ø¹Ø§Ø¬Ù„  ÙˆØ²Ø§Ø±Ø© Ø§Ù„ØµØ­Ø© ØªØ¨Ø¯Ø£ Ø¨Ø§Ø¹Ø·Ø§Ø¡ Ø§Ù„Ù…Ø·Ø¹ÙˆÙ… Ø§Ù„Ø±ÙˆØ³ÙŠ â€œØ³Ø¨ÙˆØªÙ†ÙŠÙƒ Ú¤ÙŠâ€  ÙˆØªØ¤ÙƒØ¯ Ø§Ù† Ø§Ù„Ø£Ø´Ø®Ø§Øµ Ø§Ù„Ù…Ø³Ø¬Ù„ÙŠÙ† Ø¹Ù„Ù‰ Ø§Ù„Ù…Ù†ØµØ© ÙˆØ£Ø¹Ù…Ø§Ø±Ù‡Ù… ØªÙÙˆÙ‚ 45 Ø¹Ø§Ù…Ø§Ù‹ Ø³ØªØµÙ„Ù‡Ù… Ø±Ø³Ø§Ø¦Ù„ Ù‚Ø±ÙŠØ¨Ø§ Ù„Ø£Ø®Ø° Ù…Ø·Ø¹ÙˆÙ… ÙƒÙˆØ±ÙˆÙ†Ø§  #Ø§Ù„Ø§Ø±Ø¯Ù† #Ø§Ù„Ø¯Ø³ØªÙˆØ±    https://t.co/ATho5bzJ5G  https://t.co/732Rp7xKuw,ar,[],['https://www.addustour.com/articles/1209674'],['https://pbs.twimg.com/media/EyHX3gMWgAA-hTw.jpg'],0,0,0,"['Ø¹Ø§Ø¬Ù„', 'Ø§Ù„Ø§Ø±Ø¯Ù†', 'Ø§Ù„Ø¯Ø³ØªÙˆØ±']",[],https://twitter.com/AddustourNews/status/1378620341283655682,False,,1,https://pbs.twimg.com/media/EyHX3gMWgAA-hTw.jpg,Amman,,,,,,[],,,,
1378584547084926979,1378584547084926979,2021-04-04 08:45:43 Jordan Daylight Time,2021-04-04,08:45:43,+0300,84311137,alrai,Ø§Ù„Ø±Ø£ÙŠ - Ø£Ø®Ø¨Ø§Ø± Ø§Ù„Ø£Ø±Ø¯Ù†,,"#Ø¹Ø§Ø¬Ù„ ..Ø±Ø³Ø§Ø¦Ù„ Ù†ØµÙŠØ© Ù„Ù€ 25,796 Ø´Ø®ØµØ§ Ù„ØªÙ„Ù‚ÙŠ Ø§Ù„Ø¬Ø±Ø¹Ø© Ø§Ù„Ø£ÙˆÙ„Ù‰ Ù…Ù† Ù…Ø·Ø¹ÙˆÙ… ÙƒÙˆØ±ÙˆÙ†Ø§ Ø§Ù„ÙŠÙˆÙ…  #ØµØ­ÙŠÙØ©_Ø§Ù„Ø±Ø£ÙŠ #Ø§Ù„Ø£Ø±Ø¯Ù†  https://t.co/eZsHCdiO1j",ar,[],['http://alrai.com/article/10584918/'],[],1,1,4,"['Ø¹Ø§Ø¬Ù„', 'ØµØ­ÙŠÙØ©_Ø§Ù„Ø±Ø£ÙŠ', 'Ø§Ù„Ø£Ø±Ø¯Ù†']",[],https://twitter.com/alrai/status/1378584547084926979,False,,0,,Amman,,,,,,[],,,,
1378067219293339648,1378067219293339648,2021-04-02 22:30:02 Jordan Daylight Time,2021-04-02,22:30:02,+0300,60153477,suhailjouaneh,Suhail Jouaneh Ø¹ÙÙ…Ø¯Ø©,,Ù…Ø´ Ø¹Ø§Ø±Ù Ù‚Ø¯ÙŠÙ‡ Ù…Ø²Ø¨ÙˆØ·Ø© #Ù…Ø·Ø¹ÙˆÙ…  https://t.co/aa65CqSWWs,ar,[],[],['https://pbs.twimg.com/media/Ex_g0-wWEAc-dPh.jpg'],0,0,1,['Ù…Ø·Ø¹ÙˆÙ…'],[],https://twitter.com/SuhailJouaneh/status/1378067219293339648,False,,1,https://pbs.twimg.com/media/Ex_g0-wWEAc-dPh.jpg,Amman,,,,,,[],,,,
1351462563792490499,1351462563792490499,2021-01-19 11:32:38 Jordan Standard Time,2021-01-19,11:32:38,+0300,340285468,fakhruddinkk,ÙØ®Ø±Ø§Ù„Ø¯ÙŠÙ† Ø®Ø§Ù„Ø¯ Ø§Ù„Ø®Ø´Ù…Ø§Ù†,,Ù…Ø¹ Ø¬Ø¯ØªÙŠ Ø§Ù„Ø­Ø§Ø¬Ø© Ø£Ù… Ù…Ø­Ù…Ø¯ Ø¨Ø¹Ø¯ Ø£Ø®Ø° Ù…Ø·Ø¹ÙˆÙ… Ø§Ù„ÙƒÙˆØ±ÙˆÙ†Ø§ Ùˆ Ø§Ù„Ø£Ù…ÙˆØ± ØªÙ…Ø§Ù… Ùˆ Ø§Ù„Ø­Ù…Ø¯ Ù„Ù„Ù‡ Ø±Ø¨ Ø§Ù„Ø¹Ø§Ù„Ù…ÙŠÙ† Ø§Ù„Ù„Ù‡ ÙŠØ²ÙŠØ­ Ù‡Ø§Ù„ØºÙ…Ø© Ùˆ ÙŠØ±ÙØ¹ Ø¹Ù†Ø§ Ù‡Ø§Ù„ÙˆØ¨Ø§Ø¡ ğŸ™ğŸ»  https://t.co/uZaqpwAxw4,ar,[],[],['https://pbs.twimg.com/media/EsFcByZW8AIUukh.jpg'],0,0,15,[],[],https://twitter.com/FakhruddinKK/status/1351462563792490499,False,,1,https://pbs.twimg.com/media/EsFcByZW8AIUukh.jpg,Amman,,,,,,[],,,,
1350452366252912641,1350452366252912641,2021-01-16 16:38:28 Jordan Standard Time,2021-01-16,16:38:28,+0300,207413918,rhasjordan,Royal Health Awareness Society,,Ø§Ù„Ø´Ø§Ø¦Ø¹Ø§Øª ÙˆØ§Ù„Ù…Ø¹Ù„ÙˆÙ…Ø§Øª Ø§Ù„Ø®Ø§Ø·Ø¦Ø© ØªØ¤Ø«Ø± Ø¹Ù„Ù‰ Ø¬Ù‡ÙˆØ¯ Ø§Ø­ØªÙˆØ§Ø¡ Ø§Ù„ÙˆØ¨Ø§Ø¡ ÙˆØªØ¤Ø®Ø± Ø§Ù„Ø¹ÙˆØ¯Ø© Ø¥Ù„Ù‰ Ø§Ù„Ø­ÙŠØ§Ø© Ø§Ù„Ø·Ø¨ÙŠØ¹ÙŠØ©. ØµØ­Ø­ Ø®Ø¨Ø±Ùƒ ÙˆØªØ£ÙƒØ¯ Ù…Ù† Ù…Ø¹Ù„ÙˆÙ…ØªÙƒ  #Ù…Ø·Ø¹ÙˆÙ…_ÙÙŠØ±ÙˆØ³_ÙƒÙˆØ±ÙˆÙ†Ø§ #Ø§Ù„Ù…Ø·Ø¹ÙˆÙ…_ÙˆÙ‚Ø§ÙŠØ© #Ø¥Ù„Ùƒ_ÙˆÙÙŠØ¯ #ØµØ­ØªÙƒ_Ø¨ØªÙ‡Ù…Ù†Ø§ #ÙÙŠØ±ÙˆØ³_ÙƒÙˆØ±ÙˆÙ†Ø§ #Ø§Ù„Ø£Ø±Ø¯Ù† #ÙƒÙˆØ±ÙˆÙ†Ø§_Ø§Ù„Ø£Ø±Ø¯Ù† #ÙƒÙˆÙÙŠØ¯19_Ø§Ù„Ø£Ø±Ø¯Ù†  https://t.co/kzntQqlxUF,ar,[],[],"['https://pbs.twimg.com/media/Er3FQc9XIAEoXuX.jpg', 'https://pbs.twimg.com/media/Er3FQc9XAAALezZ.jpg', 'https://pbs.twimg.com/media/Er3FQc8XcAEro7q.jpg', 'https://pbs.twimg.com/media/Er3FQc-XIAAtQQa.jpg']",1,3,5,"['Ù…Ø·Ø¹ÙˆÙ…_ÙÙŠØ±ÙˆØ³_ÙƒÙˆØ±ÙˆÙ†Ø§', 'Ø§Ù„Ù…Ø·Ø¹ÙˆÙ…_ÙˆÙ‚Ø§ÙŠØ©', 'Ø¥Ù„Ùƒ_ÙˆÙÙŠØ¯', 'ØµØ­ØªÙƒ_Ø¨ØªÙ‡Ù…Ù†Ø§', 'ÙÙŠØ±ÙˆØ³_ÙƒÙˆØ±ÙˆÙ†Ø§', 'Ø§Ù„Ø£Ø±Ø¯Ù†', 'ÙƒÙˆØ±ÙˆÙ†Ø§_Ø§Ù„Ø£Ø±Ø¯Ù†', 'ÙƒÙˆÙÙŠØ¯19_Ø§Ù„Ø£Ø±Ø¯Ù†']",[],https://twitter.com/RHASJordan/status/1350452366252912641,False,,1,https://pbs.twimg.com/media/Er3FQc9XIAEoXuX.jpg,Amman,,,,,,[],,,,
1349731875368038401,1349663537199681537,2021-01-14 16:55:30 Jordan Standard Time,2021-01-14,16:55:30,+0300,572670751,omj95,omar aljaradat âš”ï¸,,@jonaid_aljarada Ø§Ø®ÙˆÙŠ Ù‡Ø°Ø§ Ù…Ø³ÙƒÙ† Ù…ÙØ´ Ù…Ø·Ø¹ÙˆÙ…  ÙŠØ§ Ø±ÙŠØª Ø§Ù„ÙˆØ§Ø­Ø¯ Ù‚Ø¨Ù„ Ù„Ø§ ÙŠÙ†Ø²Ù„ ÙŠØªØ§ÙƒØ¯ Ù…Ù† Ø§Ù„Ù…Ø¹Ù„ÙˆÙ…Ø§Øª  ÙˆØ´ÙƒØ±Ø§,ar,[],[],[],1,0,1,[],[],https://twitter.com/omj95/status/1349731875368038401,False,,0,,Amman,,,,,,"[{'screen_name': 'jonaid_aljarada', 'name': 'JONAID', 'id': '1148250037920653312'}]",,,,
